{"v":"5.6.4","fr":30,"ip":0,"op":90,"w":750,"h":790,"nm":"合成 ","ddd":0,"assets":[{"id":"image_0","w":519,"h":198,"u":"images/","p":"img_0.png","e":0},{"id":"image_1","w":148,"h":173,"u":"images/","p":"img_1.png","e":0},{"id":"image_2","w":591,"h":261,"u":"images/","p":"img_2.png","e":0},{"id":"image_3","w":503,"h":504,"u":"images/","p":"img_3.png","e":0},{"id":"image_4","w":583,"h":213,"u":"images/","p":"img_4.png","e":0},{"id":"image_5","w":239,"h":273,"u":"images/","p":"img_5.png","e":0},{"id":"image_6","w":318,"h":557,"u":"images/","p":"img_6.png","e":0},{"id":"image_7","w":301,"h":337,"u":"images/","p":"img_7.png","e":0},{"id":"image_8","w":334,"h":234,"u":"images/","p":"img_8.png","e":0},{"id":"image_9","w":236,"h":168,"u":"images/","p":"img_9.png","e":0},{"id":"image_10","w":426,"h":426,"u":"images/","p":"img_10.png","e":0},{"id":"image_11","w":392,"h":419,"u":"images/","p":"img_11.png","e":0},{"id":"image_12","w":209,"h":212,"u":"images/","p":"img_12.png","e":0},{"id":"image_13","w":288,"h":361,"u":"images/","p":"img_13.png","e":0},{"id":"image_14","w":199,"h":226,"u":"images/","p":"img_14.png","e":0},{"id":"image_15","w":216,"h":259,"u":"images/","p":"img_15.png","e":0},{"id":"image_16","w":241,"h":280,"u":"images/","p":"img_16.png","e":0},{"id":"image_17","w":158,"h":201,"u":"images/","p":"img_17.png","e":0},{"id":"image_18","w":246,"h":202,"u":"images/","p":"img_18.png","e":0},{"id":"image_19","w":333,"h":235,"u":"images/","p":"img_19.png","e":0},{"id":"image_20","w":245,"h":197,"u":"images/","p":"img_20.png","e":0},{"id":"image_21","w":292,"h":287,"u":"images/","p":"img_21.png","e":0},{"id":"image_22","w":151,"h":220,"u":"images/","p":"img_22.png","e":0},{"id":"image_23","w":197,"h":212,"u":"images/","p":"img_23.png","e":0},{"id":"image_24","w":850,"h":950,"u":"images/","p":"img_24.jpg","e":0},{"id":"comp_0","layers":[{"ddd":0,"ind":1,"ty":2,"nm":"图层1093.png","cl":"png","refId":"image_1","sr":1,"ks":{"o":{"a":1,"k":[{"i":{"x":[0.833],"y":[0.833]},"o":{"x":[0.167],"y":[0.167]},"t":2,"s":[0]},{"t":3,"s":[50]}],"ix":11},"r":{"a":0,"k":0,"ix":10},"p":{"a":0,"k":[199,671,0],"ix":2},"a":{"a":0,"k":[74,86.5,0],"ix":1},"s":{"a":0,"k":[100,100,100],"ix":6}},"ao":0,"ip":0,"op":91,"st":0,"bm":0},{"ddd":0,"ind":2,"ty":2,"nm":"图层1090.png","cl":"png","refId":"image_2","sr":1,"ks":{"o":{"a":0,"k":99,"ix":11},"r":{"a":0,"k":0,"ix":10},"p":{"a":1,"k":[{"i":{"x":0.833,"y":0.833},"o":{"x":0.167,"y":0.167},"t":0,"s":[411,734,0],"to":[0.172,0.744,0],"ti":[-0.299,-1.338,0]},{"t":3,"s":[413.715,773.167,0]}],"ix":2},"a":{"a":0,"k":[295.5,130.5,0],"ix":1},"s":{"a":1,"k":[{"i":{"x":[0.833,0.833,0.833],"y":[0.833,0.833,0.833]},"o":{"x":[0.167,0.167,0.167],"y":[0.167,0.167,0.167]},"t":0,"s":[87.503,89.478,100]},{"t":3,"s":[99.657,101.842,100]}],"ix":6}},"ao":0,"ip":0,"op":92,"st":0,"bm":0},{"ddd":0,"ind":3,"ty":2,"nm":"大红包.png","cl":"png","refId":"image_3","sr":1,"ks":{"o":{"a":0,"k":100,"ix":11},"r":{"a":0,"k":0,"ix":10},"p":{"a":1,"k":[{"i":{"x":0.833,"y":0.833},"o":{"x":0.167,"y":0.167},"t":3,"s":[375,913,0],"to":[-0.111,-64.333,0],"ti":[0.111,64.333,0]},{"t":10,"s":[374.333,527,0]}],"ix":2},"a":{"a":0,"k":[251.5,252,0],"ix":1},"s":{"a":1,"k":[{"i":{"x":[0.833,0.833,0.833],"y":[0.833,0.833,0.833]},"o":{"x":[0.167,0.167,0.167],"y":[0.167,0.167,0.167]},"t":3,"s":[70,70,100]},{"t":10,"s":[98,100,100]}],"ix":6}},"ao":0,"ip":0,"op":93,"st":0,"bm":0}]},{"id":"comp_1","layers":[{"ddd":0,"ind":1,"ty":2,"nm":"红包2.png","cl":"png","refId":"image_5","sr":1,"ks":{"o":{"a":0,"k":100,"ix":11},"r":{"a":0,"k":0,"ix":10},"p":{"a":1,"k":[{"i":{"x":0.833,"y":0.833},"o":{"x":0.167,"y":0.167},"t":0,"s":[317,564,0],"to":[-23,-7,0],"ti":[23,7,0]},{"t":5,"s":[179,522,0]}],"ix":2},"a":{"a":0,"k":[119.5,136.5,0],"ix":1},"s":{"a":0,"k":[100,100,100],"ix":6}},"ao":0,"ip":0,"op":93,"st":0,"bm":0},{"ddd":0,"ind":2,"ty":2,"nm":"红包2-光.png","cl":"png","refId":"image_6","sr":1,"ks":{"o":{"a":0,"k":100,"ix":11},"r":{"a":0,"k":0,"ix":10},"p":{"a":0,"k":[217,539,0],"ix":2},"a":{"a":0,"k":[159,278.5,0],"ix":1},"s":{"a":0,"k":[100,100,100],"ix":6}},"ao":0,"ip":0,"op":93,"st":0,"bm":0}]},{"id":"comp_2","layers":[{"ddd":0,"ind":1,"ty":2,"nm":"红包遮","refId":"image_10","sr":1,"ks":{"o":{"a":0,"k":100,"ix":11},"r":{"a":0,"k":0,"ix":10},"p":{"a":0,"k":[267,480,0],"ix":2},"a":{"a":0,"k":[213,213,0],"ix":1},"s":{"a":0,"k":[97,97,100],"ix":6}},"ao":0,"ip":0,"op":93,"st":0,"bm":0},{"ddd":0,"ind":2,"ty":2,"nm":"红包_光.png","cl":"png","refId":"image_11","sr":1,"ks":{"o":{"a":0,"k":100,"ix":11},"r":{"a":0,"k":0,"ix":10},"p":{"a":0,"k":[188,370,0],"ix":2},"a":{"a":0,"k":[196,209.5,0],"ix":1},"s":{"a":0,"k":[100,100,100],"ix":6}},"ao":0,"ip":0,"op":93,"st":0,"bm":0},{"ddd":0,"ind":3,"ty":2,"nm":"红包.png","cl":"png","refId":"image_12","sr":1,"ks":{"o":{"a":0,"k":100,"ix":11},"r":{"a":0,"k":0,"ix":10},"p":{"a":1,"k":[{"i":{"x":0.833,"y":0.833},"o":{"x":0.167,"y":0.167},"t":0,"s":[164,395,0],"to":[-14,-14.167,0],"ti":[14,14.167,0]},{"t":5,"s":[80,310,0]}],"ix":2},"a":{"a":0,"k":[104.5,106,0],"ix":1},"s":{"a":0,"k":[100,100,100],"ix":6}},"ao":0,"ip":0,"op":93,"st":0,"bm":0}]},{"id":"comp_3","layers":[{"ddd":0,"ind":1,"ty":2,"nm":"红包1-光.png","cl":"png","refId":"image_13","sr":1,"ks":{"o":{"a":1,"k":[{"i":{"x":[0.833],"y":[0.833]},"o":{"x":[0.167],"y":[0.167]},"t":0,"s":[0]},{"t":2,"s":[100]}],"ix":11},"r":{"a":0,"k":0,"ix":10},"p":{"a":0,"k":[531,403,0],"ix":2},"a":{"a":0,"k":[144,180.5,0],"ix":1},"s":{"a":0,"k":[100,100,100],"ix":6}},"ao":0,"ip":0,"op":93,"st":0,"bm":0},{"ddd":0,"ind":2,"ty":2,"nm":"红包1.png","cl":"png","refId":"image_14","sr":1,"ks":{"o":{"a":0,"k":100,"ix":11},"r":{"a":0,"k":0,"ix":10},"p":{"a":1,"k":[{"i":{"x":0.833,"y":0.833},"o":{"x":0.167,"y":0.167},"t":2,"s":[475,457,0],"to":[15,-4,0],"ti":[-15,4,0]},{"t":7,"s":[565,433,0]}],"ix":2},"a":{"a":0,"k":[99.5,113,0],"ix":1},"s":{"a":0,"k":[100,100,100],"ix":6}},"ao":0,"ip":2,"op":95,"st":2,"bm":0}]},{"id":"comp_4","layers":[{"ddd":0,"ind":1,"ty":2,"nm":"图层1097.png","cl":"png","refId":"image_15","sr":1,"ks":{"o":{"a":1,"k":[{"i":{"x":[0.833],"y":[0.833]},"o":{"x":[0.167],"y":[0.167]},"t":0,"s":[20]},{"t":1,"s":[100]}],"ix":11},"r":{"a":0,"k":0,"ix":10},"p":{"a":0,"k":[511,333,0],"ix":2},"a":{"a":0,"k":[108,129.5,0],"ix":1},"s":{"a":0,"k":[100,100,100],"ix":6}},"ao":0,"ip":0,"op":93,"st":0,"bm":0},{"ddd":0,"ind":2,"ty":2,"nm":"右上券_光.png","cl":"png","refId":"image_16","sr":1,"ks":{"o":{"a":0,"k":100,"ix":11},"r":{"a":0,"k":0,"ix":10},"p":{"a":0,"k":[540,303,0],"ix":2},"a":{"a":0,"k":[120.5,140,0],"ix":1},"s":{"a":0,"k":[100,100,100],"ix":6}},"ao":0,"ip":1,"op":94,"st":1,"bm":0},{"ddd":0,"ind":3,"ty":2,"nm":"右上券.png","cl":"png","refId":"image_17","sr":1,"ks":{"o":{"a":0,"k":100,"ix":11},"r":{"a":0,"k":0,"ix":10},"p":{"a":1,"k":[{"i":{"x":0.833,"y":0.833},"o":{"x":0.167,"y":0.167},"t":1,"s":[542,321,0],"to":[16.333,-13.333,0],"ti":[-16.333,13.333,0]},{"t":6,"s":[640,241,0]}],"ix":2},"a":{"a":0,"k":[79,100.5,0],"ix":1},"s":{"a":0,"k":[100,100,100],"ix":6}},"ao":0,"ip":1,"op":94,"st":1,"bm":0}]},{"id":"comp_5","layers":[{"ddd":0,"ind":1,"ty":2,"nm":"图层1098.png","cl":"png","refId":"image_18","sr":1,"ks":{"o":{"a":0,"k":100,"ix":11},"r":{"a":0,"k":0,"ix":10},"p":{"a":0,"k":[168,235,0],"ix":2},"a":{"a":0,"k":[123,101,0],"ix":1},"s":{"a":0,"k":[100,100,100],"ix":6}},"ao":0,"ip":0,"op":93,"st":0,"bm":0},{"ddd":0,"ind":2,"ty":2,"nm":"图层40.png","cl":"png","refId":"image_19","sr":1,"ks":{"o":{"a":0,"k":100,"ix":11},"r":{"a":0,"k":0,"ix":10},"p":{"a":0,"k":[158,131,0],"ix":2},"a":{"a":0,"k":[166.5,117.5,0],"ix":1},"s":{"a":0,"k":[100,100,100],"ix":6}},"ao":0,"ip":0,"op":93,"st":0,"bm":0},{"ddd":0,"ind":3,"ty":2,"nm":"左上券.png","cl":"png","refId":"image_20","sr":1,"ks":{"o":{"a":0,"k":100,"ix":11},"r":{"a":0,"k":0,"ix":10},"p":{"a":1,"k":[{"i":{"x":0.833,"y":0.833},"o":{"x":0.167,"y":0.167},"t":0,"s":[154,254,0],"to":[-3.333,-27,0],"ti":[3.333,27,0]},{"t":5,"s":[134,92,0]}],"ix":2},"a":{"a":0,"k":[122.5,98.5,0],"ix":1},"s":{"a":1,"k":[{"i":{"x":[0.833,0.833,0.833],"y":[0.833,0.833,0.833]},"o":{"x":[0.167,0.167,0.167],"y":[0.167,0.167,0.167]},"t":0,"s":[90,90,100]},{"t":5,"s":[100,100,100]}],"ix":6}},"ao":0,"ip":0,"op":93,"st":0,"bm":0}]},{"id":"comp_6","layers":[{"ddd":0,"ind":1,"ty":2,"nm":"图层1096.png","cl":"png","refId":"image_21","sr":1,"ks":{"o":{"a":0,"k":100,"ix":11},"r":{"a":0,"k":0,"ix":10},"p":{"a":0,"k":[536,542,0],"ix":2},"a":{"a":0,"k":[146,143.5,0],"ix":1},"s":{"a":0,"k":[100,100,100],"ix":6}},"ao":0,"ip":0,"op":93,"st":0,"bm":0},{"ddd":0,"ind":2,"ty":2,"nm":"图层1080.png","cl":"png","refId":"image_22","sr":1,"ks":{"o":{"a":1,"k":[{"i":{"x":[0.833],"y":[0.833]},"o":{"x":[0.167],"y":[0.167]},"t":3,"s":[20]},{"t":5,"s":[100]}],"ix":11},"r":{"a":0,"k":0,"ix":10},"p":{"a":0,"k":[628,624.5,0],"ix":2},"a":{"a":0,"k":[75.5,110,0],"ix":1},"s":{"a":0,"k":[100,100,100],"ix":6}},"ao":0,"ip":0,"op":93,"st":0,"bm":0},{"ddd":0,"ind":3,"ty":2,"nm":"右下券.png","cl":"png","refId":"image_23","sr":1,"ks":{"o":{"a":0,"k":100,"ix":11},"r":{"a":0,"k":0,"ix":10},"p":{"a":1,"k":[{"i":{"x":0.833,"y":0.833},"o":{"x":0.167,"y":0.167},"t":0,"s":[520,501,0],"to":[21.667,20.167,0],"ti":[-21.667,-20.167,0]},{"t":5,"s":[650,622,0]}],"ix":2},"a":{"a":0,"k":[98.5,106,0],"ix":1},"s":{"a":0,"k":[100,100,100],"ix":6}},"ao":0,"ip":0,"op":93,"st":0,"bm":0}]},{"id":"comp_7","layers":[{"ddd":0,"ind":1,"ty":2,"nm":"头图_动.jpg","cl":"jpg","refId":"image_24","sr":1,"ks":{"o":{"a":0,"k":100,"ix":11},"r":{"a":0,"k":0,"ix":10},"p":{"a":0,"k":[375,395,0],"ix":2},"a":{"a":0,"k":[425,475,0],"ix":1},"s":{"a":0,"k":[87.765,83.158,100],"ix":6}},"ao":0,"ip":0,"op":93,"st":0,"bm":0}]}],"layers":[{"ddd":0,"ind":2,"ty":2,"nm":"漏出.png","cl":"png","refId":"image_0","sr":1,"ks":{"o":{"a":0,"k":100,"ix":11},"r":{"a":0,"k":0,"ix":10},"p":{"a":0,"k":[375,649,0],"ix":2},"a":{"a":0,"k":[259.5,99,0],"ix":1},"s":{"a":1,"k":[{"i":{"x":[0.833,0.833,0.833],"y":[0.833,0.833,0.833]},"o":{"x":[0.167,0.167,0.167],"y":[0.167,0.167,0.167]},"t":46,"s":[0,0,100]},{"t":48,"s":[100,100,100]}],"ix":6}},"ao":0,"ip":46,"op":106,"st":46,"bm":0},{"ddd":0,"ind":3,"ty":0,"nm":"主题红包","refId":"comp_0","sr":1,"ks":{"o":{"a":0,"k":100,"ix":11},"r":{"a":0,"k":0,"ix":10},"p":{"a":0,"k":[375,395,0],"ix":2},"a":{"a":0,"k":[375,395,0],"ix":1},"s":{"a":0,"k":[100,100,100],"ix":6}},"ao":0,"w":750,"h":790,"ip":0,"op":90,"st":0,"bm":0},{"ddd":0,"ind":4,"ty":2,"nm":"标题.png","cl":"png","refId":"image_4","sr":1,"ks":{"o":{"a":0,"k":100,"ix":11},"r":{"a":0,"k":0,"ix":10},"p":{"a":1,"k":[{"i":{"x":0.833,"y":0.833},"o":{"x":0.167,"y":0.167},"t":33,"s":[375,397,0],"to":[0,-43,0],"ti":[0,43,0]},{"t":40,"s":[375,139,0]}],"ix":2},"a":{"a":0,"k":[291.5,106.5,0],"ix":1},"s":{"a":1,"k":[{"i":{"x":[0.833,0.833,0.833],"y":[0.833,0.833,0.833]},"o":{"x":[0.167,0.167,0.167],"y":[0.167,0.167,0.167]},"t":33,"s":[70,70,100]},{"t":40,"s":[100,100,100]}],"ix":6}},"ao":0,"ip":33,"op":93,"st":33,"bm":0},{"ddd":0,"ind":5,"ty":0,"nm":"红包2","refId":"comp_1","sr":1,"ks":{"o":{"a":0,"k":100,"ix":11},"r":{"a":0,"k":0,"ix":10},"p":{"a":0,"k":[375,395,0],"ix":2},"a":{"a":0,"k":[375,395,0],"ix":1},"s":{"a":0,"k":[100,100,100],"ix":6}},"ao":0,"w":750,"h":790,"ip":20,"op":93,"st":20,"bm":0},{"ddd":0,"ind":6,"ty":2,"nm":"图层1095.png","cl":"png","refId":"image_7","sr":1,"ks":{"o":{"a":0,"k":100,"ix":11},"r":{"a":0,"k":0,"ix":10},"p":{"a":0,"k":[259.325,655.78,0],"ix":2},"a":{"a":0,"k":[150.5,168.5,0],"ix":1},"s":{"a":0,"k":[100,100,100],"ix":6}},"ao":0,"ip":13,"op":93,"st":13,"bm":0},{"ddd":0,"ind":7,"ty":2,"nm":"左下券_光.png","cl":"png","refId":"image_8","sr":1,"ks":{"o":{"a":0,"k":100,"ix":11},"r":{"a":0,"k":0,"ix":10},"p":{"a":0,"k":[253,701,0],"ix":2},"a":{"a":0,"k":[167,117,0],"ix":1},"s":{"a":0,"k":[100,100,100],"ix":6}},"ao":0,"ip":13,"op":93,"st":13,"bm":0},{"ddd":0,"ind":8,"ty":2,"nm":"左下券.png","cl":"png","refId":"image_9","sr":1,"ks":{"o":{"a":0,"k":100,"ix":11},"r":{"a":0,"k":0,"ix":10},"p":{"a":1,"k":[{"i":{"x":0.833,"y":0.833},"o":{"x":0.167,"y":0.167},"t":13,"s":[249.696,653.414,0],"to":[-18.167,11.5,0],"ti":[18.167,-11.5,0]},{"t":18,"s":[140.696,722.414,0]}],"ix":2},"a":{"a":0,"k":[118,84,0],"ix":1},"s":{"a":0,"k":[100,100,100],"ix":6}},"ao":0,"ip":13,"op":93,"st":13,"bm":0},{"ddd":0,"ind":9,"ty":0,"nm":"左上红包","refId":"comp_2","sr":1,"ks":{"o":{"a":0,"k":100,"ix":11},"r":{"a":0,"k":0,"ix":10},"p":{"a":0,"k":[375,395,0],"ix":2},"a":{"a":0,"k":[375,395,0],"ix":1},"s":{"a":0,"k":[100,100,100],"ix":6}},"ao":0,"w":750,"h":790,"ip":10,"op":93,"st":10,"bm":0},{"ddd":0,"ind":10,"ty":0,"nm":"红包1","refId":"comp_3","sr":1,"ks":{"o":{"a":0,"k":100,"ix":11},"r":{"a":0,"k":0,"ix":10},"p":{"a":0,"k":[375,395,0],"ix":2},"a":{"a":0,"k":[375,395,0],"ix":1},"s":{"a":0,"k":[100,100,100],"ix":6}},"ao":0,"w":750,"h":790,"ip":17,"op":93,"st":17,"bm":0},{"ddd":0,"ind":11,"ty":0,"nm":"右上券","refId":"comp_4","sr":1,"ks":{"o":{"a":0,"k":100,"ix":11},"r":{"a":0,"k":0,"ix":10},"p":{"a":0,"k":[375,395,0],"ix":2},"a":{"a":0,"k":[375,395,0],"ix":1},"s":{"a":0,"k":[100,100,100],"ix":6}},"ao":0,"w":750,"h":790,"ip":25,"op":93,"st":25,"bm":0},{"ddd":0,"ind":12,"ty":0,"nm":"左上券","refId":"comp_5","sr":1,"ks":{"o":{"a":0,"k":100,"ix":11},"r":{"a":0,"k":0,"ix":10},"p":{"a":0,"k":[375,395,0],"ix":2},"a":{"a":0,"k":[375,395,0],"ix":1},"s":{"a":0,"k":[100,100,100],"ix":6}},"ao":0,"w":750,"h":790,"ip":30,"op":93,"st":30,"bm":0},{"ddd":0,"ind":13,"ty":0,"nm":"右下券","refId":"comp_6","sr":1,"ks":{"o":{"a":0,"k":100,"ix":11},"r":{"a":0,"k":0,"ix":10},"p":{"a":0,"k":[375,393,0],"ix":2},"a":{"a":0,"k":[375,395,0],"ix":1},"s":{"a":0,"k":[100,100,100],"ix":6}},"ao":0,"w":750,"h":790,"ip":23,"op":93,"st":23,"bm":0},{"ddd":0,"ind":14,"ty":0,"nm":"背景","refId":"comp_7","sr":1,"ks":{"o":{"a":0,"k":99,"ix":11},"r":{"a":0,"k":0,"ix":10},"p":{"a":0,"k":[374.333,425,0],"ix":2},"a":{"a":0,"k":[375,395,0],"ix":1},"s":{"a":1,"k":[{"i":{"x":[0.833,0.833,0.833],"y":[0.833,0.833,0.833]},"o":{"x":[0.167,0.167,0.167],"y":[0.167,0.167,0.167]},"t":0,"s":[100,107.595,100]},{"t":3,"s":[113.067,121.519,100]}],"ix":6}},"ao":0,"w":750,"h":790,"ip":0,"op":90,"st":0,"bm":0}],"markers":[]}